"name","gdriveurl","date","size"
"316789_Mk6_Win10x64_1809_1803_V100.cab","https://drive.google.com/open?id=1SDWGC_mMyCMQhMKDN481Op2bQD9SUadH","2018-12-17","1115799082"
"20ABCD_MK1_Win10x64_1703_1709_1803_V1.00.cab","https://drive.google.com/open?id=1TZT2KV9EdYD8Oh2UfODaXNuf_VxH_7GJ","2018-08-23","1413353705"
"19Z_Mk8_Win10x64_1709_V1.00.cab","https://drive.google.com/open?id=11ZEEkd0ZKdNBaKPOssWYIveXTLbGCViv","2018-02-01","668260596"
"20ABCD_Mk1_Win10x64_1709_V1.00.cab","https://drive.google.com/open?id=1XMFd9hLsZbXJeBIkRdxqZP5fzsZ2yiVd","2018-02-01","1331008766"
"33DEPQ_Mk1_Win10x64_1709_V1.00.cab","https://drive.google.com/open?id=1whmJxIHhELBqm3A0TCToh6Yzx7PWtHA3","2018-02-01","1275156608"
"33ABCLMN_Mk1_Win10x64_1709_V1.00.cab","https://drive.google.com/open?id=1OmOR4znf8UhUi_RZimBu9UkyvYa_Bje_","2018-01-25","1357158362"
"20ABCD_Mk1_Win10x64_1703_V1.00.cab","https://drive.google.com/open?id=0B7KIqGbVsDF9OGRQbzNsNmg3c3c","2017-09-21","1231824340"
"PDP_CF-33mk1S_Win7x86_V6.00L10M00.cab","https://drive.google.com/open?id=0BwHI1r8k8A75Qk9UTmc3NERMUjQ","2017-07-20","610267639"
"PDP_CF-33mk1S_Win7x64_V6.00L10M00.cab","https://drive.google.com/open?id=0BwHI1r8k8A75SGI4dkRpRjJ6MHM","2017-07-13","787397912"
"PDP_CF-53mk2_Win7x64_V1.00L10M00.cab","https://drive.google.com/open?id=0BwHI1r8k8A75dWljdXFBcEg4X28","2017-04-26","618702548"
"PDP_CF-53mk2_Win10x64_V1.01L10M00.cab","https://drive.google.com/open?id=0BwHI1r8k8A75QXVnZXg1Qk9Cd2s","2017-04-26","499924816"
"PDP_FZ-Q2mk1_Win7x86_V6.00L10M00.cab","https://drive.google.com/open?id=0B7KIqGbVsDF9MlA5Ti0tRmZBY1k","2017-02-23","594746203"
"PDP_FZ-Q2mk1_Win7x64_V6.00L10M00.cab","https://drive.google.com/open?id=0B7KIqGbVsDF9V3ZPTXhoLWtVUjA","2017-02-23","766509424"
"PDP_FZ-M1mk2_Win8.1x64_V6.00L10M00.cab","https://drive.google.com/open?id=0B7KIqGbVsDF9djNaN0NQRWNHZnM","2017-02-16","780172357"
"PDP_FZ-G1mk2_Win8.1x64_V2.01L10M00.cab","https://drive.google.com/open?id=0B7KIqGbVsDF9TDR3T3BUU3JWYm8","2017-02-16","1249183771"
"PDP_FZ-G1mk3_Win8.1x64_V4.01L10M12.cab","https://drive.google.com/open?id=0B7KIqGbVsDF9VUl5XzBwSHQ4QTQ","2017-02-16","980301143"
"PDP_FZ-M1mk1V_Win8.1x64_V3.01L10M00.cab","https://drive.google.com/open?id=0B7KIqGbVsDF9SzB3ZHlRWVZDU00","2017-02-16","1204119929"
"PDP_CF-19mk8_Win10x64_V1.00L10M01.cab","https://drive.google.com/open?id=0B7KIqGbVsDF9a21ERTM2MXZWUGs","2017-02-03","1081541514"
"PDP_FZ-G1mk4_Win7x64_V6.00L10M00.cab","https://drive.google.com/open?id=0B7KIqGbVsDF9NXJXbFFHX01qT2c","2016-08-03","896070274"
"PDP_FZ-G1mk4_Win7x86_V6.00L10M00.cab","https://drive.google.com/open?id=0B7KIqGbVsDF9TWdobXV1dDVTV2s","2016-08-03","696526667"
"PDP_CF-C2mk2_Win7x64_V2.00L11M00.cab","https://drive.google.com/open?id=0B_636cnOwn0jaUFRR0JXbzIwdU0","2015-12-08","932539067"
"PDP_CF-C2mk2_Win7x86_V2.00L11M00.cab","https://drive.google.com/open?id=0B_636cnOwn0jM0pNZU1SaGZpQ0k","2015-12-08","800996584"
"PDP_FZ-R1mk1_Win8.1x64_V3.01L10M01.cab","https://drive.google.com/open?id=0B_636cnOwn0jUk83QWxmVm9TOUE","2015-10-16","798966306"
"PDP_FZ-M1mk1_Win8.1x64_V3.01L10M00.cab","https://drive.google.com/open?id=0B_636cnOwn0jaFZ0LUJQUHlwWWc","2015-08-21","1204119929"
"PDP_CF-54mk1_Win7x64_V4.00L10M00.cab","https://drive.google.com/open?id=0B_636cnOwn0jU0VOMDRIUS1Vcnc","2015-03-20","1494826083"
"PDP_CF-54mk1_Win7x86_V4.00L10M00.cab","https://drive.google.com/open?id=0B_636cnOwn0jdnVaMkQ0OEp0VjA","2015-03-20","1368321158"
"PDP_CF-19mk8_Win7x86_V1.00L10M00.cab","https://drive.google.com/open?id=0B_636cnOwn0jVlRvMFNsTjJfZ2M","2015-02-20","1743804676"
"PDP_CF-19mk8_Win7x64_V1.00L10M00.cab","https://drive.google.com/open?id=0B_636cnOwn0jN2dfSGxSNXlXQ00","2015-02-20","1840832317"
"PDP_CF-19mk8_Win8.1x64_V1.01L10M00.cab","https://drive.google.com/open?id=0B_636cnOwn0jWF8zcVFoMWJ6dTA","2015-02-20","1278251922"
"PDP_CF-54mk1_Win8.1x64_V4.01L10M00.cab","https://drive.google.com/open?id=0B_636cnOwn0jZEVUSFpVY05IOGs","2015-02-06","1457132354"
"PDP_CF-31mk5_Win7x86_V4.00L10M00.cab","https://drive.google.com/open?id=0B_636cnOwn0jWWl5cmxYQml3eTQ","2015-01-29","908176965"
"PDP_CF-31mk5_Win8.1x64_V4.01L10M00.cab","https://drive.google.com/open?id=0B_636cnOwn0jd2ljOEQyaVJMeXM","2015-01-28","975992434"
"PDP_CF-31mk5_Win7x64_V4.00L10M00.cab","https://drive.google.com/open?id=0B_636cnOwn0jMEZ4czRMcVEwMkU","2015-01-28","1064389455"
"G1A_Mk1_Win10x64_1803_V1.00.exe","https://drive.google.com/open?id=1IU0wirtsJovLAiNpnHzMO4aEH-tnWpeM","2018-09-27","757488907"
"G1UVW_Mk5_Win10x64_1803_V1.01.exe","https://drive.google.com/open?id=10yqaXz1sjfaKJqIYAtf7RxH6x46KTNw1","2018-09-21","1631871616"
"20EFGH_Mk2_Win10x64_1709_1803_V1.00.exe","https://drive.google.com/open?id=1kWau4B8KYcTCim83FS96S7XYJO6R90p3","2018-09-21","1256035321"
"33DEPQ_Mk1_Win10x64_1703_1709_1803_V1.00.exe","https://drive.google.com/open?id=15tSBeydDG_ECEIC0zsw5HPVg_t3MqcG-","2018-09-21","1258432828"
"54GHJ_MK3_Win10x64_1703_1709_1803_V1.00.exe","https://drive.google.com/open?id=1kXuHuZjS63p5F5GvoLtsydAeUGVrHtKz","2018-08-24","1781127700"
"G1PQR_MK4_Win10x64_1703_1709_1803_V1.00.exe","https://drive.google.com/open?id=1reL4PRXoF16i58_tWl_6IVT5uot9n_D9","2018-08-24","1234848864"
"54DEF_MK2_Win10x64_1703_1709_1803_V1.00.exe","https://drive.google.com/open?id=1GrK1GIs0gX0byGcZqPEAtQGPcpvwHgQA","2018-08-24","1497471872"
"311234_Mk5_Win10x64_1703_1709_1803_V1.00.exe","https://drive.google.com/open?id=1z_BhIGb47HSlM-jQi0kIZ8yTvlsJU0_x","2018-08-24","914272559"
"33ABCLMN_Mk1_Win10x64_1703_1709_1803_V1.00.exe","https://drive.google.com/open?id=146-L2O-02j1O67GgDZ4Ycsx7QZ1PQnbr","2018-08-24","1260726845"
"20ABCD_Mk1_Win10x64_1703_1709_1803_V1.00.exe","https://drive.google.com/open?id=1iWC0WOvi7zBoir5GWln-BiUshFqvMyDf","2018-08-24","1258593442"
"M1F_Mk2_Win10x64_1703_1709_1803_V1.00.exe","https://drive.google.com/open?id=1-Sxp3-QNFZEPsjouUS4LsNa_Ch92LOGZ","2018-08-24","1004398811"
"20ABCD_Mk1_Win10x64_1709_V1.00.exe","https://drive.google.com/open?id=1_z81jIewxsdvWkTBaPmOhv2AJH0MIG8K","2018-04-09","1278022374"
"20ABCD_Mk1_Win10x64_1709_V1.00.exe","https://drive.google.com/open?id=10sjCPLddzyCs1mWfj7szXAajV7mLRQTJ","2018-04-06","1278022374"
"33ABCLMN_Mk1_Win10x64_1709_V1.00.exe","https://drive.google.com/open?id=1A7db2_DiicoS0dcXhTYBEEe37fGKxDnz","2018-04-05","1248263658"
"M1F_Mk2_Win10x64_1709_V1.00.exe","https://drive.google.com/open?id=16gGtybqxSNdlMvDtpYC4K0Y7xtt6-ERC","2018-04-03","911899163"
"54DEF_Mk2_Win10x64_1709_v100.exe","https://drive.google.com/open?id=1YV51wK2UI6m6ctbtEajDX776IoPr-4L7","2018-04-03","1501925734"
"5323457_Mk4_Win10x64_1709_V1.00.exe","https://drive.google.com/open?id=1T8iTu7Vl2ROqihBNjNnwtOST2P5WC882","2018-04-03","928314532"
"54ABC_Mk1_Win10x64_1709_V1.00.exe","https://drive.google.com/open?id=1WbbzAIhdAVBYVDM0GIiVb5Vrr18Nx8Lg","2018-04-03","1450735412"
"54GHJ_Mk3_Win10x64_1709_V1.00.exe","https://drive.google.com/open?id=1aaPuh5_uEKaTmsfj5y1h2UZ8gwCQc9y9","2018-03-05","1765033802"
"H2P_Mk3_Win10x64_1607_V1.exe","https://drive.google.com/open?id=1TdbpKQrNX-ebxfINiW1uNqcwnyli_4A_","2017-11-21","1232345585"
"33DEPQ_Mk1S_Win10x64_1703_V1.00.exe","https://drive.google.com/open?id=0B7KIqGbVsDF9NmhtWnl5T1VLaVk","2017-09-21","1297737808"
"G1R-MK4-8x64V1.5.exe","https://drive.google.com/open?id=0B7KIqGbVsDF9ck1QNEZrUFByRkk","2017-08-01","867770515"
"33DEPQ-MK1S-7x86_V1.0.exe","https://drive.google.com/open?id=0BwHI1r8k8A75c3kxM2JHNC1HZ3M","2017-07-28","728374779"
"33DEPQ-MK1S-7x64_V1.0.exe","https://drive.google.com/open?id=0BwHI1r8k8A75WEU1M2ZjLWx3QVk","2017-07-28","909945765"
"M1F-MK2-7X64_V1.0.exe","https://drive.google.com/open?id=0B7KIqGbVsDF9ZFB2UTRpS2tfNG8","2017-05-26","868890218"
"31WXY-MK4-7X64_V2.1.exe","https://drive.google.com/open?id=0B7KIqGbVsDF9d3RPVVJSbjQtVUU","2017-03-22","764545964"
"31WXY-MK4-7X86_V2.0.exe","https://drive.google.com/open?id=0B7KIqGbVsDF9TmlOSW12WmRKc28","2017-03-22","525255594"
"31SU-MK3-8X64.exe","https://drive.google.com/open?id=0B7KIqGbVsDF9LWJVWEpnS2VtU3M","2017-03-22","328784251"
"311234-MK5-81X64-V2.0.exe","https://drive.google.com/open?id=0B7KIqGbVsDF9Mk9pT1hyT3VxSW8","2017-03-22","795277678"
"311234-MK5-7X64_V2.0.exe","https://drive.google.com/open?id=0B7KIqGbVsDF9bGdUd1B0eUd2eDQ","2017-03-22","953428067"
"20A-MK1-10X64-AO_1.0.exe","https://drive.google.com/open?id=0B7KIqGbVsDF9eUwzR2M5VlRTYUU","2017-03-22","19195064"
"20ABCD-MK1-7X86-AO_1.0.exe","https://drive.google.com/open?id=0B7KIqGbVsDF9OXRFNVVxVi1wbHM","2017-03-22","68648168"
"20ABCD-MK1-7X64-AO_1.0.exe","https://drive.google.com/open?id=0B7KIqGbVsDF9MkQyaXh4cXlnTkE","2017-03-22","54278831"
"19FGH-Mk2-7x86.exe","https://drive.google.com/open?id=0B7KIqGbVsDF9YUJHOHR4SmVsd1E","2017-03-22","150520451"
"31WXY-MK4-10x64_V1.2.exe","https://drive.google.com/open?id=0B7KIqGbVsDF9eDRCYWRKd2JkQlE","2017-03-22","1182879272"
"311234-MK5-7X86_V2.1.exe","https://drive.google.com/open?id=0B7KIqGbVsDF9YTFLWVM3dnBIR2s","2017-03-22","695045426"
"U1QR-MK2-XP.exe","https://drive.google.com/open?id=0B7KIqGbVsDF9MWZneFRyWmszTmc","2017-03-22","328762581"
"532-MK4-7X64_V3.0.exe","https://drive.google.com/open?id=0BwHI1r8k8A75VzRVdlFTeVAwTUE","2017-03-22","667058598"
"U1N-MK2-XP.exe","https://drive.google.com/open?id=0B7KIqGbVsDF9dU9tV1FzV2t0VGs","2017-03-22","317233941"
"Q2F-MK1-7x86_V1.0.exe","https://drive.google.com/open?id=0B7KIqGbVsDF9bi1WNG9KYnRYT2s","2017-03-22","627364423"
"Q2F-MK1-7x64_V1.0.exe","https://drive.google.com/open?id=0B7KIqGbVsDF9Z2JOZk5IOVNFS0E","2017-03-22","801260527"
"M1F-MK2-8x64_V1.3.exe","https://drive.google.com/open?id=0B7KIqGbVsDF9a2FYa0FjOVpZYkk","2017-03-22","800896016"
"M1D-MK2-10x64_V2.0.exe","https://drive.google.com/open?id=0B7KIqGbVsDF9RnIxNlhpSUtMZDA","2017-03-22","647338900"
"M1C-MK1-81X64_V2.0.exe","https://drive.google.com/open?id=0B7KIqGbVsDF9SzZqM0pQSEZTcGM","2017-03-22","770222303"
"H2P-MK3-7X64-CCR.exe","https://drive.google.com/open?id=0B7KIqGbVsDF9Ulhxb3gyUHhYQ1E","2017-03-22","365553096"
"H1B-MK1-XP.exe","https://drive.google.com/open?id=0B7KIqGbVsDF9S0tJNkNQbzU3MGM","2017-03-22","228310864"
"G1PQR-MK4-8x64.exe","https://drive.google.com/open?id=0B7KIqGbVsDF9NHdVY0dnSWhReVE","2017-03-22","867770515"
"G1PQR-MK4-7x86_V1.5.exe","https://drive.google.com/open?id=0B7KIqGbVsDF9OW5aVzkwVUEtMEE","2017-03-22","803194646"
"G1PQR-MK4-7x64_V1.5.exe","https://drive.google.com/open?id=0B7KIqGbVsDF9c013dXl3RGZ6bFU","2017-03-22","984087648"
"G1JKL-MK3-81X86.exe","https://drive.google.com/open?id=0B7KIqGbVsDF9N0ZSQ0dTYUdmS28","2017-03-22","411319950"
"G1A-MK1-7X64-PSEG.exe","https://drive.google.com/open?id=0B7KIqGbVsDF9T3dZbXhHWlpMb2s","2017-03-22","347041152"
"C2C-MK2-7X64_V2.1.exe","https://drive.google.com/open?id=0B7KIqGbVsDF9djg5N0kzRUlpdVU","2017-03-22","504405102"
"AX2L-MK1-7X86.exe","https://drive.google.com/open?id=0B7KIqGbVsDF9OHJuQ1V3V1JNajQ","2017-03-22","337278263"
"AX2L-MK1-7X64.exe","https://drive.google.com/open?id=0B7KIqGbVsDF9YVhwdUNvZF9MQ28","2017-03-22","369257550"
"1912-MK6-7X86.exe","https://drive.google.com/open?id=0B7KIqGbVsDF9WmM2ajJEWS1DRTA","2017-03-22","344748347"
"53JLM-MK2-XP_V1.0.exe","https://drive.google.com/open?id=0B7KIqGbVsDF9cTZYTWRSRG1PN1U","2017-03-22","542173279"
"53JLM-Mk2-7X86.exe","https://drive.google.com/open?id=0B7KIqGbVsDF9YXpOeXJEXy1WbW8","2017-03-22","320405458"
"52E-MK2-XP.exe","https://drive.google.com/open?id=0B7KIqGbVsDF9UnEzWHQtdHNvek0","2017-03-22","221504528"
"1912-MK6-7X64.exe","https://drive.google.com/open?id=0B7KIqGbVsDF9T1NRMTdfTm45TWs","2017-03-22","427160618"
